Lx,Ly,Nl,beta,J0,J1,J2,h,n_basis_vecs,enrg,enrg2,enrg4,SMag_square,SMag_four,Mag_x
4,4,1,20.0,1.0,0.3,0.025,0.1,50,-0.8250228208566861,0.680668178271286,0.4633239883039487,5.598334572935477e-06,2.1988267061070265e-08,-0.0189306308680453
