{
  "4_4_1_1.000000_0.300000_0.000000_0.000000_0.000000_1.000000": {
    "Lx": 4,
    "Ly": 4,
    "Nl": 1,
    "beta": 1.0,
    "J0": 1.0,
    "J1": 0.3,
    "J2": 0.0,
    "h": 0.0,
    "n_basis_vecs": 250,
    "enrg": -0.7459436368272632,
    "enrg2": 0.5641291666629106,
    "enrg4": 0.33269865821334665,
    "SMag_square": 0.05207987755587135,
    "SMag_four": 0.00730793243341124,
    "Mag_x": -8.046900949952935e-08,
    "timestamp": "2026-06-16T15:59:09.841072",
    "Lz": 1,
    "hx": 0.0,
    "J3": 0.0
  }
}